slug,variant,intermediate_concept,correct_answer,predicted,prompt,n_features_amplified,baseline_predicted,amplified_predicted,flipped_correct,flipped_to_middlehop,baseline_rank,amplified_rank,rank_change,baseline_prob,amplified_prob,prob_gain,baseline_top5,amplified_top5,skipped
birmingham-capital,a2,Alabama,Montgomery,the,The capital of the state containing Birmingham is,4,the,the,False,False,13,12,-1,0.015137,0.017456,0.002319,"the(18.5%), Birmingham(9.9%), (8.7%), called(5.3%), located(5.3%)","the(18.8%), located(10.1%), (7.9%), called(4.8%), Birmingham(4.8%)",
fort-smith-capital,a2,Arkansas,Little Rock,Fort,The capital of the state containing Fort Smith is,2,Fort,Little,False,False,4,1,-3,0.079102,0.141602,0.0625,"Fort(13.0%), the(10.2%), (8.9%), Little(7.9%), Fayetteville(7.0%)","Little(14.2%), Fayetteville(11.0%), Fort(11.0%), the(9.8%), (7.6%)",
wilmington-capital,a2,Delaware,Dover,Raleigh,The capital of the state containing Wilmington is,2,Raleigh,Dover,True,False,3,1,-2,0.083984,0.214844,0.130859,"Raleigh(20.2%), the(9.5%), Dover(8.4%), Wilmington(6.5%), (5.8%)","Dover(21.5%), Raleigh(13.1%), Wilmington(9.0%), the(9.0%), Delaware(6.2%)",
chicago-capital,a2,Illinois,Springfield,Illinois,The capital of the state containing Chicago is,5,Illinois,Springfield,True,False,2,1,-1,0.137695,0.25,0.112305,"Illinois(25.8%), Springfield(13.8%), the(12.2%), (7.4%), called(4.0%)","Springfield(25.0%), the(17.2%), (7.1%), called(5.6%), Illinois(4.9%)",
cedar-rapids-capital,a2,Iowa,Des Moines,Iowa,The capital of the state containing Cedar Rapids is,3,Iowa,Des,False,False,2,1,-1,0.228516,0.320312,0.091797,"Iowa(33.2%), Des(22.9%), the(5.8%), (5.1%), Cedar(4.0%)","Des(32.0%), Iowa(19.4%), the(8.1%), (4.9%), Cedar(3.0%)",
minneapolis-capital,a2,Minnesota,Saint Paul,St,The capital of the state containing Minneapolis is,3,St,St,False,False,2,3,1,0.147461,0.158203,0.010742,"St(24.3%), the(14.7%), Saint(14.7%), Minnesota(10.2%), Minneapolis(5.4%)","St(23.0%), the(15.8%), Saint(15.8%), Minnesota(9.6%), Minneapolis(5.2%)",
las-vegas-capital,a2,Nevada,Carson City,Reno,The capital of the state containing Las Vegas is,3,Reno,Nevada,False,True,3,3,0,0.09375,0.097656,0.003906,"Reno(17.5%), Nevada(12.0%), (9.4%), Carson(9.4%), the(9.4%)","Nevada(18.3%), Reno(16.1%), Carson(9.8%), (8.6%), the(8.6%)",
atlantic-city-capital,a2,New Jersey,Trenton,Atlantic,The capital of the state containing Atlantic City is,8,Atlantic,Atlantic,False,False,2,6,4,0.155273,0.05127,-0.104004,"Atlantic(17.6%), Trenton(15.5%), (9.4%), the(7.3%), New(3.9%)","Atlantic(15.7%), (13.9%), the(8.4%), New(5.8%), considered(5.8%)",
niagara-falls-capital,a2,New York,Albany,Buffalo,The capital of the state containing Niagara Falls is,,,,,,,,,,,,,,no_middlehop_features
newport-capital,a2,Rhode Island,Providence,the,The capital of the state containing Newport is,2,the,the,False,False,5,3,-2,0.029541,0.078613,0.049072,"the(15.0%), Newport(9.1%), (6.2%), Providence(3.0%), Harrisburg(3.0%)","the(14.7%), Newport(13.0%), Providence(7.9%), (5.4%), Rhode(3.7%)",
mount-rushmore-capital,a2,South Dakota,Pierre,South,The capital of the state containing Mount Rushmore is,1,South,South,False,False,5,2,-3,0.068359,0.097168,0.028809,"South(12.8%), :(8.8%), (7.8%), the(7.8%), (6.8%)","South(16.0%), Pierre(9.7%), the(7.6%), :(6.7%), (6.7%)",
memphis-capital,a2,Tennessee,Nashville,the,The capital of the state containing Memphis is,2,the,the,False,False,2,5,3,0.142578,0.04248,-0.100098,"the(16.2%), Nashville(14.3%), (11.1%), Memphis(9.8%), Tennessee(8.7%)","the(24.4%), (19.0%), Jackson(5.4%), :(4.2%), Nashville(4.2%)",
provo-capital,a2,Utah,Salt Lake City,Provo,The capital of the state containing Provo is,,,,,,,,,,,,,,no_middlehop_features
burlington-vt-capital,a2,Vermont,Montpelier,the,The capital of the state containing Burlington is,4,the,the,False,False,3,1,-2,0.05835,0.100586,0.042236,"the(12.3%), (6.6%), Mont(5.8%), Madison(5.1%), Burlington(4.5%)","the(10.1%), Mont(10.1%), Burlington(7.8%), Madison(6.9%), Des(4.8%)",
morgantown-capital,a2,West Virginia,Charleston,Morgan,The capital of the state containing Morgantown is,3,Morgan,the,False,False,3,3,0,0.09375,0.088379,-0.005371,"Morgan(17.5%), the(12.0%), Charleston(9.4%), West(8.3%), Fairmont(6.4%)","the(12.9%), Morgan(11.3%), Charleston(8.8%), Fairmont(7.8%), West(7.8%)",
vancouver-capital,a2,Canada,Ottawa,Victoria,The capital of the country containing Vancouver is,6,Victoria,Victoria,False,False,10,14,4,0.021484,0.008606,-0.012878,"Victoria(33.6%), (8.5%), the(7.5%), Vancouver(5.8%), British(5.2%)","Victoria(28.5%), (11.9%), the(10.5%), called(5.6%), British(4.4%)",
montreal-capital,a2,Canada,Ottawa,Quebec,The capital of the country containing Montreal is,11,Quebec,the,False,False,2,4,2,0.112305,0.061279,-0.051025,"Quebec(27.0%), Ottawa(11.2%), the(8.7%), (7.7%), known(3.6%)","the(14.7%), Quebec(14.7%), (13.0%), Ottawa(6.1%), known(5.4%)",
rio-de-janeiro-capital,a2,Brazil,Brasilia,the,The capital of the country containing Rio de Janeiro is,4,the,the,False,False,3,2,-1,0.067383,0.085938,0.018555,"the(11.1%), Brazil(6.7%), (6.7%), Bra(6.7%), called(5.2%)","the(11.1%), Bra(8.6%), (7.6%), called(5.9%), known(4.6%)",
glasgow-capital,a2,United Kingdom,London,Edinburgh,The capital of the country containing Glasgow is,,,,,,,,,,,,,,no_middlehop_features
bordeaux-capital,a2,France,Paris,Bordeaux,The capital of the country containing Bordeaux is,6,Bordeaux,Bordeaux,False,False,2,2,0,0.149414,0.123535,-0.025879,"Bordeaux(19.1%), Paris(14.9%), the(9.1%), (8.0%), :(4.3%)","Bordeaux(18.0%), Paris(12.4%), (9.6%), the(9.6%), called(5.2%)",
venice-capital,a2,Italy,Rome,the,The capital of the country containing Venice is,,,,,,,,,,,,,,no_middlehop_features
bangalore-capital,a2,India,New Delhi,Karnataka,The capital of the country containing Bangalore is,,,,,,,,,,,,,,no_middlehop_features
melbourne-capital,a2,Australia,Canberra,the,The capital of the country containing Melbourne is,6,the,the,False,False,2,7,5,0.115234,0.047363,-0.067871,"the(13.1%), (11.5%), Canberra(11.5%), known(7.0%), Melbourne(6.2%)","the(16.6%), (14.6%), :(6.9%), known(6.9%), called(6.9%)",
